{
    "precision": 0.6655574043261231,
    "recall": 0.42780748663101603,
    "f1": 0.5208333333333334
}